tablePow	mode	repeat	a1Score	a1Sec	a1Nodes	a1Hits	bScore	bSec	bNodes	bHits	a2Score	a2Sec	a2Nodes	a2Hits	totalSec	totalNodes
18	aOnly	1	3	0.146896971	742612	131686					3	0.128599693	837234	149376	0.27549666399999995	1579846
18	aOnly	2	3	0.134108548	742612	131686					3	0.142777716	837234	149376	0.276886264	1579846
18	aOnly	3	3	0.130691083	742612	131686					3	0.145453789	837234	149376	0.27614487200000004	1579846
18	aOnly	4	3	0.136696138	742612	131686					3	0.133008115	837234	149376	0.269704253	1579846
18	aOnly	5	3	0.126708751	742612	131686					3	0.142648092	837234	149376	0.269356843	1579846
18	aOnly	6	3	0.125288312	742612	131686					3	0.22313008	837234	149376	0.348418392	1579846
18	aOnly	7	3	0.142739221	742612	131686					3	0.133607586	837234	149376	0.276346807	1579846
18	shared	1	3	0.119294066	742612	131686	3	0.074392754	438725	80055	3	0.14694458	884006	155919	0.34063140000000003	2065343
18	shared	2	3	0.11341216	742612	131686	3	0.065975325	438725	80055	3	0.139337263	884006	155919	0.318724748	2065343
18	shared	3	3	0.110160745	742612	131686	3	0.069425859	438725	80055	3	0.136748521	884006	155919	0.31633512500000005	2065343
18	shared	4	3	0.116513106	742612	131686	3	0.067985711	438725	80055	3	0.15551202	884006	155919	0.340010837	2065343
18	shared	5	3	0.114227206	742612	131686	3	0.074817348	438725	80055	3	0.143151922	884006	155919	0.332196476	2065343
18	shared	6	3	0.133151721	742612	131686	3	0.069653444	438725	80055	3	0.147805847	884006	155919	0.350611012	2065343
18	shared	7	3	0.114044837	742612	131686	3	0.067649778	438725	80055	3	0.138505119	884006	155919	0.320199734	2065343
18	split	1	3	0.112475819	742612	131686	3	0.070855952	438725	80055	3	0.133228098	837234	149376	0.316559869	2018571
18	split	2	3	0.110101809	742612	131686	3	0.072578996	438725	80055	3	0.130189119	837234	149376	0.312869924	2018571
18	split	3	3	0.11743983	742612	131686	3	0.071150104	438725	80055	3	0.139958636	837234	149376	0.32854857000000004	2018571
18	split	4	3	0.128254379	742612	131686	3	0.071465779	438725	80055	3	0.131982266	837234	149376	0.33170242399999994	2018571
18	split	5	3	0.110010193	742612	131686	3	0.076248223	438725	80055	3	0.132463534	837234	149376	0.31872195000000003	2018571
18	split	6	3	0.113700431	742612	131686	3	0.072254639	438725	80055	3	0.131903861	837234	149376	0.317858931	2018571
18	split	7	3	0.123418943	742612	131686	3	0.076363321	438725	80055	3	0.145949071	837234	149376	0.345731335	2018571
18	clearBeforeA2	1	3	0.11554412	742612	131686	3	0.071666535	438725	80055	3	0.143976601	944195	162612	0.331187256	2125532
18	clearBeforeA2	2	3	0.119445815	742612	131686	3	0.072273809	438725	80055	3	0.142993252	944195	162612	0.334712876	2125532
18	clearBeforeA2	3	3	0.117320744	742612	131686	3	0.06797865	438725	80055	3	0.13929736	944195	162612	0.324596754	2125532
18	clearBeforeA2	4	3	0.110261667	742612	131686	3	0.066019372	438725	80055	3	0.146013624	944195	162612	0.322294663	2125532
18	clearBeforeA2	5	3	0.109759534	742612	131686	3	0.067632263	438725	80055	3	0.150945194	944195	162612	0.328336991	2125532
18	clearBeforeA2	6	3	0.122494549	742612	131686	3	0.074275229	438725	80055	3	0.141491353	944195	162612	0.338261131	2125532
18	clearBeforeA2	7	3	0.111181976	742612	131686	3	0.067706351	438725	80055	3	0.165104446	944195	162612	0.343992773	2125532
19	aOnly	1	3	0.177937114	716129	125628					3	0.157569943	770698	137654	0.335507057	1486827
19	aOnly	2	3	0.146316026	716129	125628					3	0.148832381	770698	137654	0.295148407	1486827
19	aOnly	3	3	0.224014107	716129	125628					3	0.152077052	770698	137654	0.376091159	1486827
19	aOnly	4	3	0.143376142	716129	125628					3	0.132434352	770698	137654	0.275810494	1486827
19	aOnly	5	3	0.126462739	716129	125628					3	0.174562503	770698	137654	0.301025242	1486827
19	aOnly	6	3	0.157435146	716129	125628					3	0.158399419	770698	137654	0.315834565	1486827
19	aOnly	7	3	0.15057019	716129	125628					3	0.160704417	770698	137654	0.311274607	1486827
19	shared	1	3	0.146805138	716129	125628	3	0.091325562	426562	77403	3	0.153348991	792637	141138	0.391479691	1935328
19	shared	2	3	0.163107216	716129	125628	3	0.087046234	426562	77403	3	0.162299434	792637	141138	0.412452884	1935328
19	shared	3	3	0.149462532	716129	125628	3	0.099556121	426562	77403	3	0.168493669	792637	141138	0.417512322	1935328
19	shared	4	3	0.128188072	716129	125628	3	0.081608522	426562	77403	3	0.158840082	792637	141138	0.368636676	1935328
19	shared	5	3	0.130608163	716129	125628	3	0.073510344	426562	77403	3	0.135421006	792637	141138	0.339539513	1935328
19	shared	6	3	0.122402548	716129	125628	3	0.090139917	426562	77403	3	0.14532297	792637	141138	0.357865435	1935328
19	shared	7	3	0.121361586	716129	125628	3	0.075664855	426562	77403	3	0.151500089	792637	141138	0.34852653	1935328
19	split	1	3	0.120666142	716129	125628	3	0.078883903	426562	77403	3	0.154744353	770698	137654	0.354294398	1913389
19	split	2	3	0.13227716	716129	125628	3	0.085178246	426562	77403	3	0.162686574	770698	137654	0.38014198	1913389
19	split	3	3	0.15044111	716129	125628	3	0.095940232	426562	77403	3	0.155868832	770698	137654	0.402250174	1913389
19	split	4	3	0.154587544	716129	125628	3	0.085464189	426562	77403	3	0.162356694	770698	137654	0.402408427	1913389
19	split	5	3	0.136154238	716129	125628	3	0.083972254	426562	77403	3	0.162264278	770698	137654	0.38239077	1913389
19	split	6	3	0.149427859	716129	125628	3	0.080482673	426562	77403	3	0.144273419	770698	137654	0.374183951	1913389
19	split	7	3	0.142472273	716129	125628	3	0.078244174	426562	77403	3	0.149881192	770698	137654	0.370597639	1913389
19	clearBeforeA2	1	3	0.119045061	716129	125628	3	0.072899316	426562	77403	3	0.219941481	899156	153537	0.411885858	2041847
19	clearBeforeA2	2	3	0.124509323	716129	125628	3	0.07611485	426562	77403	3	0.172074367	899156	153537	0.37269854	2041847
19	clearBeforeA2	3	3	0.158385147	716129	125628	3	0.077321272	426562	77403	3	0.153748125	899156	153537	0.389454544	2041847
19	clearBeforeA2	4	3	0.139369468	716129	125628	3	0.083283605	426562	77403	3	0.157270405	899156	153537	0.379923478	2041847
19	clearBeforeA2	5	3	0.125553378	716129	125628	3	0.075639597	426562	77403	3	0.159737819	899156	153537	0.360930794	2041847
19	clearBeforeA2	6	3	0.120997011	716129	125628	3	0.070840886	426562	77403	3	0.154339336	899156	153537	0.34617723300000003	2041847
19	clearBeforeA2	7	3	0.121975571	716129	125628	3	0.071496301	426562	77403	3	0.152707675	899156	153537	0.346179547	2041847
20	aOnly	1	3	0.180262617	705611	123795					3	0.164449602	748606	133542	0.34471221900000004	1454217
20	aOnly	2	3	0.15851481	705611	123795					3	0.174999493	748606	133542	0.333514303	1454217
20	aOnly	3	3	0.155662573	705611	123795					3	0.174833048	748606	133542	0.33049562099999996	1454217
20	aOnly	4	3	0.15992243	705611	123795					3	0.204721043	748606	133542	0.364643473	1454217
20	aOnly	5	3	0.182934719	705611	123795					3	0.237560077	748606	133542	0.420494796	1454217
20	aOnly	6	3	0.171939081	705611	123795					3	0.181315827	748606	133542	0.35325490800000003	1454217
20	aOnly	7	3	0.183234179	705611	123795					3	0.250984815	748606	133542	0.434218994	1454217
20	shared	1	3	0.224676292	705611	123795	3	0.101358297	421378	75973	3	0.190725455	756902	134923	0.516760044	1883891
20	shared	2	3	0.171358106	705611	123795	3	0.142215419	421378	75973	3	0.236959744	756902	134923	0.550533269	1883891
20	shared	3	3	0.168022957	705611	123795	3	0.104362544	421378	75973	3	0.20197892	756902	134923	0.47436442100000004	1883891
20	shared	4	3	0.185990392	705611	123795	3	0.105632992	421378	75973	3	0.187556688	756902	134923	0.479180072	1883891
20	shared	5	3	0.175890001	705611	123795	3	0.096440457	421378	75973	3	0.180864993	756902	134923	0.453195451	1883891
20	shared	6	3	0.174742061	705611	123795	3	0.103260132	421378	75973	3	0.173845183	756902	134923	0.451847376	1883891
20	shared	7	3	0.191405483	705611	123795	3	0.113802446	421378	75973	3	0.17800292	756902	134923	0.483210849	1883891
20	split	1	3	0.17632342	705611	123795	3	0.145280913	421378	75973	3	0.200819431	748606	133542	0.522423764	1875595
20	split	2	3	0.180897541	705611	123795	3	0.105726511	421378	75973	3	0.199370002	748606	133542	0.48599405399999995	1875595
20	split	3	3	0.181268055	705611	123795	3	0.105639444	421378	75973	3	0.187753328	748606	133542	0.474660827	1875595
20	split	4	3	0.169865425	705611	123795	3	0.112204344	421378	75973	3	0.175122562	748606	133542	0.457192331	1875595
20	split	5	3	0.164920418	705611	123795	3	0.103420889	421378	75973	3	0.200668575	748606	133542	0.46900988200000004	1875595
20	split	6	3	0.169382775	705611	123795	3	0.106653446	421378	75973	3	0.174857803	748606	133542	0.450894024	1875595
20	split	7	3	0.15209145	705611	123795	3	0.097142199	421378	75973	3	0.180094569	748606	133542	0.429328218	1875595
20	clearBeforeA2	1	3	0.163376677	705611	123795	3	0.096957308	421378	75973	3	0.225223038	884283	150417	0.485557023	2011272
20	clearBeforeA2	2	3	0.169217502	705611	123795	3	0.102644146	421378	75973	3	0.216360405	884283	150417	0.488222053	2011272
20	clearBeforeA2	3	3	0.194968646	705611	123795	3	0.104854839	421378	75973	3	0.23082417	884283	150417	0.530647655	2011272
20	clearBeforeA2	4	3	0.185375149	705611	123795	3	0.108675842	421378	75973	3	0.243290004	884283	150417	0.537340995	2011272
20	clearBeforeA2	5	3	0.184416898	705611	123795	3	0.105812107	421378	75973	3	0.239302671	884283	150417	0.529531676	2011272
20	clearBeforeA2	6	3	0.201330843	705611	123795	3	0.129925248	421378	75973	3	0.264862421	884283	150417	0.596118512	2011272
20	clearBeforeA2	7	3	0.200519234	705611	123795	3	0.112771107	421378	75973	3	0.233964807	884283	150417	0.547255148	2011272
