pair	relation	mode	repeat	aScore	aSec	aNodes	aHits	bScore	bSec	bNodes	bHits	totalSec	totalNodes	totalHits
incompatible-c5r1-opposite-owner	incompatible	clearBetween	1	3	0.114834344	426562	77403	3	0.191291851	899156	153537	0.30612619500000005	1325718	230940
incompatible-c5r1-opposite-owner	incompatible	clearBetween	2	3	0.084878008	426562	77403	3	0.161920915	899156	153537	0.246798923	1325718	230940
incompatible-c5r1-opposite-owner	incompatible	clearBetween	3	3	0.083219226	426562	77403	3	0.180397347	899156	153537	0.263616573	1325718	230940
incompatible-c5r1-opposite-owner	incompatible	clearBetween	4	3	0.081680662	426562	77403	3	0.189216326	899156	153537	0.270896988	1325718	230940
incompatible-c5r1-opposite-owner	incompatible	clearBetween	5	3	0.089537845	426562	77403	3	0.159850096	899156	153537	0.249387941	1325718	230940
incompatible-c5r1-opposite-owner	incompatible	clearBetween	6	3	0.078346055	426562	77403	3	0.152259926	899156	153537	0.230605981	1325718	230940
incompatible-c5r1-opposite-owner	incompatible	clearBetween	7	3	0.078313102	426562	77403	3	0.186404497	899156	153537	0.264717599	1325718	230940
incompatible-c5r1-opposite-owner	incompatible	shared	1	3	0.073698034	426562	77403	3	0.158672063	899156	153537	0.232370097	1325718	230940
incompatible-c5r1-opposite-owner	incompatible	shared	2	3	0.083798308	426562	77403	3	0.158443146	899156	153537	0.24224145400000002	1325718	230940
incompatible-c5r1-opposite-owner	incompatible	shared	3	3	0.074564098	426562	77403	3	0.147267839	899156	153537	0.221831937	1325718	230940
incompatible-c5r1-opposite-owner	incompatible	shared	4	3	0.08246717	426562	77403	3	0.15487844	899156	153537	0.23734561	1325718	230940
incompatible-c5r1-opposite-owner	incompatible	shared	5	3	0.105272063	426562	77403	3	0.176316746	899156	153537	0.281588809	1325718	230940
incompatible-c5r1-opposite-owner	incompatible	shared	6	3	0.080187745	426562	77403	3	0.16534903	899156	153537	0.245536775	1325718	230940
incompatible-c5r1-opposite-owner	incompatible	shared	7	3	0.08643562	426562	77403	3	0.162404656	899156	153537	0.24884027600000003	1325718	230940
incompatible-c5r1-opposite-owner	incompatible	split	1	3	0.071070848	426562	77403	3	0.161193915	899156	153537	0.23226476299999999	1325718	230940
incompatible-c5r1-opposite-owner	incompatible	split	2	3	0.078657112	426562	77403	3	0.159422147	899156	153537	0.238079259	1325718	230940
incompatible-c5r1-opposite-owner	incompatible	split	3	3	0.088017488	426562	77403	3	0.160691315	899156	153537	0.248708803	1325718	230940
incompatible-c5r1-opposite-owner	incompatible	split	4	3	0.071794212	426562	77403	3	0.150358889	899156	153537	0.222153101	1325718	230940
incompatible-c5r1-opposite-owner	incompatible	split	5	3	0.076933146	426562	77403	3	0.151696246	899156	153537	0.228629392	1325718	230940
incompatible-c5r1-opposite-owner	incompatible	split	6	3	0.078656822	426562	77403	3	0.149219522	899156	153537	0.227876344	1325718	230940
incompatible-c5r1-opposite-owner	incompatible	split	7	3	0.078943574	426562	77403	3	0.168874709	899156	153537	0.24781828300000003	1325718	230940
overlap-ancestor-descendant	1008138-ancestor-of-1009162	clearBetween	1	3	0.157655316	899156	153537	3	0.082993073	470103	81034	0.240648389	1369259	234571
overlap-ancestor-descendant	1008138-ancestor-of-1009162	clearBetween	2	3	0.158495483	899156	153537	3	0.077558315	470103	81034	0.23605379799999998	1369259	234571
overlap-ancestor-descendant	1008138-ancestor-of-1009162	clearBetween	3	3	0.163383567	899156	153537	3	0.087161369	470103	81034	0.250544936	1369259	234571
overlap-ancestor-descendant	1008138-ancestor-of-1009162	clearBetween	4	3	0.163556242	899156	153537	3	0.080341411	470103	81034	0.243897653	1369259	234571
overlap-ancestor-descendant	1008138-ancestor-of-1009162	clearBetween	5	3	0.146564974	899156	153537	3	0.076172486	470103	81034	0.22273746	1369259	234571
overlap-ancestor-descendant	1008138-ancestor-of-1009162	clearBetween	6	3	0.144751336	899156	153537	3	0.075368684	470103	81034	0.22012002000000003	1369259	234571
overlap-ancestor-descendant	1008138-ancestor-of-1009162	clearBetween	7	3	0.145857426	899156	153537	3	0.079624739	470103	81034	0.225482165	1369259	234571
overlap-ancestor-descendant	1008138-ancestor-of-1009162	shared	1	3	0.140900881	899156	153537	3	0.063247425	356728	66653	0.204148306	1255884	220190
overlap-ancestor-descendant	1008138-ancestor-of-1009162	shared	2	3	0.178255057	899156	153537	3	0.063077634	356728	66653	0.241332691	1255884	220190
overlap-ancestor-descendant	1008138-ancestor-of-1009162	shared	3	3	0.169327588	899156	153537	3	0.06285046	356728	66653	0.232178048	1255884	220190
overlap-ancestor-descendant	1008138-ancestor-of-1009162	shared	4	3	0.184992242	899156	153537	3	0.070467771	356728	66653	0.255460013	1255884	220190
overlap-ancestor-descendant	1008138-ancestor-of-1009162	shared	5	3	0.15826725	899156	153537	3	0.058678	356728	66653	0.21694525	1255884	220190
overlap-ancestor-descendant	1008138-ancestor-of-1009162	shared	6	3	0.228339259	899156	153537	3	0.088679644	356728	66653	0.317018903	1255884	220190
overlap-ancestor-descendant	1008138-ancestor-of-1009162	shared	7	3	0.177439637	899156	153537	3	0.072065422	356728	66653	0.24950505900000003	1255884	220190
overlap-ancestor-descendant	1008138-ancestor-of-1009162	split	1	3	0.161278202	899156	153537	3	0.088087904	470103	81034	0.249366106	1369259	234571
overlap-ancestor-descendant	1008138-ancestor-of-1009162	split	2	3	0.160403945	899156	153537	3	0.091662204	470103	81034	0.252066149	1369259	234571
overlap-ancestor-descendant	1008138-ancestor-of-1009162	split	3	3	0.171601395	899156	153537	3	0.081824384	470103	81034	0.25342577899999996	1369259	234571
overlap-ancestor-descendant	1008138-ancestor-of-1009162	split	4	3	0.145994809	899156	153537	3	0.098157305	470103	81034	0.244152114	1369259	234571
overlap-ancestor-descendant	1008138-ancestor-of-1009162	split	5	3	0.177412146	899156	153537	3	0.084542275	470103	81034	0.261954421	1369259	234571
overlap-ancestor-descendant	1008138-ancestor-of-1009162	split	6	3	0.161661054	899156	153537	3	0.090058624	470103	81034	0.251719678	1369259	234571
overlap-ancestor-descendant	1008138-ancestor-of-1009162	split	7	3	0.151909743	899156	153537	3	0.08190921	470103	81034	0.233818953	1369259	234571
