tablePow	mode	repeat	captureScore	captureNodes	passTasks	resolvedTasks	unresolvedTasks	domain0Tasks	domain1Tasks	totalSec	totalNodes	totalHits	domain0Nodes	domain1Nodes	domain0Hits	domain1Hits	scoreVector
18	clearEach	1	3	5854083	50	30	20	15	15	0.8854183270000002	5671737	993955	1296065	4375672	231176	762779	3,3,3,4,4,4,3,4,4,4,3,4,4,4,3,3,3,4,4,4,4,3,3,4,4,4,3,3,3,3
18	clearEach	2	3	5854083	50	30	20	15	15	0.9054360810000001	5671737	993955	1296065	4375672	231176	762779	3,3,3,4,4,4,3,4,4,4,3,4,4,4,3,3,3,4,4,4,4,3,3,4,4,4,3,3,3,3
18	clearEach	3	3	5854083	50	30	20	15	15	0.8972921220000001	5671737	993955	1296065	4375672	231176	762779	3,3,3,4,4,4,3,4,4,4,3,4,4,4,3,3,3,4,4,4,4,3,3,4,4,4,3,3,3,3
18	sharedInterleaved	1	3	5854083	50	30	20	15	15	0.6064410909999999	3672447	665861	897941	2774506	164562	501299	3,3,3,4,4,4,3,4,4,4,3,4,4,4,3,3,3,4,4,4,4,3,3,4,4,4,3,3,3,3
18	sharedInterleaved	2	3	5854083	50	30	20	15	15	0.596258365	3672447	665861	897941	2774506	164562	501299	3,3,3,4,4,4,3,4,4,4,3,4,4,4,3,3,3,4,4,4,4,3,3,4,4,4,3,3,3,3
18	sharedInterleaved	3	3	5854083	50	30	20	15	15	0.627807719	3672447	665861	897941	2774506	164562	501299	3,3,3,4,4,4,3,4,4,4,3,4,4,4,3,3,3,4,4,4,4,3,3,4,4,4,3,3,3,3
18	sharedGrouped	1	3	5854083	50	30	20	15	15	0.5181313359999999	3121037	565930	870722	2250315	159936	405994	3,3,4,4,4,3,4,4,4,3,4,4,4,3,3,3,3,3,4,4,4,4,3,3,4,4,4,3,3,3
18	sharedGrouped	2	3	5854083	50	30	20	15	15	0.49202519	3121037	565930	870722	2250315	159936	405994	3,3,4,4,4,3,4,4,4,3,4,4,4,3,3,3,3,3,4,4,4,4,3,3,4,4,4,3,3,3
18	sharedGrouped	3	3	5854083	50	30	20	15	15	0.45330878200000013	3121037	565930	870722	2250315	159936	405994	3,3,4,4,4,3,4,4,4,3,4,4,4,3,3,3,3,3,4,4,4,4,3,3,4,4,4,3,3,3
18	splitInterleaved	1	3	5854083	50	30	20	15	15	0.49887183899999993	3121037	565930	870722	2250315	159936	405994	3,3,3,4,4,4,3,4,4,4,3,4,4,4,3,3,3,4,4,4,4,3,3,4,4,4,3,3,3,3
18	splitInterleaved	2	3	5854083	50	30	20	15	15	0.512721715	3121037	565930	870722	2250315	159936	405994	3,3,3,4,4,4,3,4,4,4,3,4,4,4,3,3,3,4,4,4,4,3,3,4,4,4,3,3,3,3
18	splitInterleaved	3	3	5854083	50	30	20	15	15	0.515903139	3121037	565930	870722	2250315	159936	405994	3,3,3,4,4,4,3,4,4,4,3,4,4,4,3,3,3,4,4,4,4,3,3,4,4,4,3,3,3,3
19	clearEach	1	3	5854083	50	30	20	15	15	0.965435306	5481452	951183	1259173	4222279	222915	728268	3,3,3,4,4,4,3,4,4,4,3,4,4,4,3,3,3,4,4,4,4,3,3,4,4,4,3,3,3,3
19	clearEach	2	3	5854083	50	30	20	15	15	0.9995022299999999	5481452	951183	1259173	4222279	222915	728268	3,3,3,4,4,4,3,4,4,4,3,4,4,4,3,3,3,4,4,4,4,3,3,4,4,4,3,3,3,3
19	clearEach	3	3	5854083	50	30	20	15	15	1.0237095929999998	5481452	951183	1259173	4222279	222915	728268	3,3,3,4,4,4,3,4,4,4,3,4,4,4,3,3,3,4,4,4,4,3,3,4,4,4,3,3,3,3
19	sharedInterleaved	1	3	5854083	50	30	20	15	15	0.542767959	2920062	526585	844941	2075121	153357	373228	3,3,3,4,4,4,3,4,4,4,3,4,4,4,3,3,3,4,4,4,4,3,3,4,4,4,3,3,3,3
19	sharedInterleaved	2	3	5854083	50	30	20	15	15	0.5060537380000001	2920062	526585	844941	2075121	153357	373228	3,3,3,4,4,4,3,4,4,4,3,4,4,4,3,3,3,4,4,4,4,3,3,4,4,4,3,3,3,3
19	sharedInterleaved	3	3	5854083	50	30	20	15	15	0.501747207	2920062	526585	844941	2075121	153357	373228	3,3,3,4,4,4,3,4,4,4,3,4,4,4,3,3,3,4,4,4,4,3,3,4,4,4,3,3,3,3
19	sharedGrouped	1	3	5854083	50	30	20	15	15	0.481819002	2776451	499974	830805	1945646	150628	349346	3,3,4,4,4,3,4,4,4,3,4,4,4,3,3,3,3,3,4,4,4,4,3,3,4,4,4,3,3,3
19	sharedGrouped	2	3	5854083	50	30	20	15	15	0.534834392	2776451	499974	830805	1945646	150628	349346	3,3,4,4,4,3,4,4,4,3,4,4,4,3,3,3,3,3,4,4,4,4,3,3,4,4,4,3,3,3
19	sharedGrouped	3	3	5854083	50	30	20	15	15	0.47994658700000004	2776451	499974	830805	1945646	150628	349346	3,3,4,4,4,3,4,4,4,3,4,4,4,3,3,3,3,3,4,4,4,4,3,3,4,4,4,3,3,3
19	splitInterleaved	1	3	5854083	50	30	20	15	15	0.510393006	2776451	499974	830805	1945646	150628	349346	3,3,3,4,4,4,3,4,4,4,3,4,4,4,3,3,3,4,4,4,4,3,3,4,4,4,3,3,3,3
19	splitInterleaved	2	3	5854083	50	30	20	15	15	0.4878080250000001	2776451	499974	830805	1945646	150628	349346	3,3,3,4,4,4,3,4,4,4,3,4,4,4,3,3,3,4,4,4,4,3,3,4,4,4,3,3,3,3
19	splitInterleaved	3	3	5854083	50	30	20	15	15	0.474841741	2776451	499974	830805	1945646	150628	349346	3,3,3,4,4,4,3,4,4,4,3,4,4,4,3,3,3,4,4,4,4,3,3,4,4,4,3,3,3,3
20	clearEach	1	3	5854083	50	30	20	15	15	1.410262313	5407548	935605	1243508	4164040	218940	716665	3,3,3,4,4,4,3,4,4,4,3,4,4,4,3,3,3,4,4,4,4,3,3,4,4,4,3,3,3,3
20	clearEach	2	3	5854083	50	30	20	15	15	1.364295849	5407548	935605	1243508	4164040	218940	716665	3,3,3,4,4,4,3,4,4,4,3,4,4,4,3,3,3,4,4,4,4,3,3,4,4,4,3,3,3,3
20	clearEach	3	3	5854083	50	30	20	15	15	1.3643661059999999	5407548	935605	1243508	4164040	218940	716665	3,3,3,4,4,4,3,4,4,4,3,4,4,4,3,3,3,4,4,4,4,3,3,4,4,4,3,3,3,3
20	sharedInterleaved	1	3	5854083	50	30	20	15	15	0.714814786	2727195	490113	820471	1906724	148021	342092	3,3,3,4,4,4,3,4,4,4,3,4,4,4,3,3,3,4,4,4,4,3,3,4,4,4,3,3,3,3
20	sharedInterleaved	2	3	5854083	50	30	20	15	15	0.6515139590000001	2727195	490113	820471	1906724	148021	342092	3,3,3,4,4,4,3,4,4,4,3,4,4,4,3,3,3,4,4,4,4,3,3,4,4,4,3,3,3,3
20	sharedInterleaved	3	3	5854083	50	30	20	15	15	0.637624075	2727195	490113	820471	1906724	148021	342092	3,3,3,4,4,4,3,4,4,4,3,4,4,4,3,3,3,4,4,4,4,3,3,4,4,4,3,3,3,3
20	sharedGrouped	1	3	5854083	50	30	20	15	15	0.685231471	2681034	481178	816305	1864729	147196	333982	3,3,4,4,4,3,4,4,4,3,4,4,4,3,3,3,3,3,4,4,4,4,3,3,4,4,4,3,3,3
20	sharedGrouped	2	3	5854083	50	30	20	15	15	0.7152208969999999	2681034	481178	816305	1864729	147196	333982	3,3,4,4,4,3,4,4,4,3,4,4,4,3,3,3,3,3,4,4,4,4,3,3,4,4,4,3,3,3
20	sharedGrouped	3	3	5854083	50	30	20	15	15	0.7450455230000002	2681034	481178	816305	1864729	147196	333982	3,3,4,4,4,3,4,4,4,3,3,3,3,3,4,4,4,4,3,3,4,4,4,3,3,3
20	splitInterleaved	1	3	5854083	50	30	20	15	15	0.6886846279999999	2681034	481178	816305	1864729	147196	333982	3,3,3,4,4,4,3,4,4,4,3,4,4,4,3,3,3,4,4,4,4,3,3,4,4,4,3,3,3,3
20	splitInterleaved	2	3	5854083	50	30	20	15	15	0.6777073640000001	2681034	481178	816305	1864729	147196	333982	3,3,3,4,4,4,3,4,4,4,3,4,4,4,3,3,3,4,4,4,4,3,3,4,4,4,3,3,3,3
20	splitInterleaved	3	3	5854083	50	30	20	15	15	0.7088097450000002	2681034	481178	816305	1864729	147196	333982	3,3,3,4,4,4,3,4,4,4,3,4,4,4,3,3,3,4,4,4,4,3,3,4,4,4,3,3,3,3
